{
  "rl_model": {
    "label": "RL Model (ppo_nav2_dwb_10000_steps.zip)",
    "n_episodes": 25,
    "mean_reward": 164.76711731207254,
    "std_reward": 93.4689657631402,
    "mean_length": 37.04,
    "success_rate": 84.0,
    "collision_rate": 0.0,
    "timeout_rate": 8.0,
    "stuck_rate": 8.0,
    "outcomes": [
      "goal_reached",
      "timeout",
      "stuck",
      "goal_reached",
      "goal_reached",
      "timeout",
      "stuck",
      "goal_reached",
      "goal_reached",
      "goal_reached",
      "goal_reached",
      "goal_reached",
      "goal_reached",
      "goal_reached",
      "goal_reached",
      "goal_reached",
      "goal_reached",
      "goal_reached",
      "goal_reached",
      "goal_reached",
      "goal_reached",
      "goal_reached",
      "goal_reached",
      "goal_reached",
      "goal_reached"
    ],
    "rewards": [
      232.45698516411048,
      -69.29331227446518,
      -0.3346536372039195,
      178.31479965442924,
      165.7375117577572,
      -77.75999852797763,
      -0.13500000625177244,
      182.2490274454296,
      243.9764545558781,
      165.99732532740342,
      237.1424807938707,
      163.2457784389664,
      262.6171778675929,
      172.17949295892151,
      194.6662502273876,
      243.19948135503623,
      168.6736266476223,
      199.86692977166206,
      198.4381714286065,
      215.32124770113796,
      189.82919100986095,
      232.52971699112229,
      232.44745803279952,
      175.77428636424332,
      212.03750375387443
    ]
  },
  "baseline": {
    "label": "Baseline (dwb)",
    "n_episodes": 25,
    "mean_reward": 164.09092862401351,
    "std_reward": 93.3376425851265,
    "mean_length": 40.24,
    "success_rate": 84.0,
    "collision_rate": 0.0,
    "timeout_rate": 8.0,
    "stuck_rate": 8.0,
    "outcomes": [
      "goal_reached",
      "timeout",
      "stuck",
      "goal_reached",
      "goal_reached",
      "timeout",
      "stuck",
      "goal_reached",
      "goal_reached",
      "goal_reached",
      "goal_reached",
      "goal_reached",
      "goal_reached",
      "goal_reached",
      "goal_reached",
      "goal_reached",
      "goal_reached",
      "goal_reached",
      "goal_reached",
      "goal_reached",
      "goal_reached",
      "goal_reached",
      "goal_reached",
      "goal_reached",
      "goal_reached"
    ],
    "rewards": [
      231.892924960641,
      -70.36797083397805,
      -0.3363757722693512,
      178.16908986955926,
      165.17438719575017,
      -77.75999852797763,
      -0.13500000625177244,
      181.84901823315806,
      243.79278650094204,
      160.77386397420514,
      236.602483762284,
      163.79338188933804,
      261.22194981657225,
      172.05434273002243,
      193.87536991425617,
      242.3424214954903,
      167.87974798332715,
      199.64725042005855,
      197.35026551092614,
      216.23219188475503,
      188.99155242446216,
      231.04044768962802,
      231.78552634293365,
      175.8260480897734,
      210.57751005273178
    ]
  }
}